Property	a	b	c
Tc	0.9889	0.6990	0.8607
Pc	0.00939	−0.14041	–
Vc	−0.2266	86.1539	–
